<?xml version="1.0" encoding="UTF-8"?>
<project-private xmlns="http://www.netbeans.org/ns/project-private/1">
    <editor-bookmarks xmlns="http://www.netbeans.org/ns/editor-bookmarks/2" lastBookmarkId="0"/>
    <open-files xmlns="http://www.netbeans.org/ns/projectui-open-files/2">
        <group>
            <file>file:/C:/Users/yemen/OneDrive/Documents/NetBeansProjects/lab7/src/lab7/Date.java</file>
            <file>file:/C:/Users/yemen/OneDrive/Documents/NetBeansProjects/lab7/src/lab7/Person.java</file>
            <file>file:/C:/Users/yemen/OneDrive/Documents/NetBeansProjects/lab7/src/lab7/Courses.java</file>
            <file>file:/C:/Users/yemen/OneDrive/Documents/NetBeansProjects/lab7/src/lab7/Student.java</file>
            <file>file:/C:/Users/yemen/OneDrive/Documents/NetBeansProjects/lab7/src/lab7/Lab7.java</file>
            <file>file:/C:/Users/yemen/OneDrive/Documents/NetBeansProjects/lab7/src/lab7/MyList.java</file>
        </group>
    </open-files>
</project-private>
